{"cameraMode":{"drawMode":0,"name":"Shaded","section":"Shading Mode"},"sceneLighting":true,"audioPlay":false,"sceneViewState":{"m_AlwaysRefresh":false,"showFog":true,"showSkybox":true,"showFlares":true,"showImageEffects":true,"showParticleSystems":true,"showVisualEffectGraphs":true,"m_FxEnabled":true},"in2DMode":false,"pivot":{"x":515.0401611328125,"y":79.33415985107422,"z":106.31861114501953},"rotation":{"x":0.16424469649791718,"y":0.01539040356874466,"z":-0.00254062726162374,"w":0.986371636390686},"size":185.28721618652345,"orthographic":false}