{"cameraMode":{"drawMode":0,"name":"Shaded","section":"Shading Mode"},"sceneLighting":false,"audioPlay":false,"sceneViewState":{"m_AlwaysRefresh":false,"showFog":true,"showSkybox":false,"showFlares":true,"showImageEffects":true,"showParticleSystems":true,"showVisualEffectGraphs":true,"m_FxEnabled":true},"in2DMode":false,"pivot":{"x":0.000370219349861145,"y":0.043164268136024478,"z":-0.16735181212425233},"rotation":{"x":-0.023586396127939225,"y":0.9751272201538086,"z":-0.12798509001731873,"w":-0.17986726760864259},"size":0.2660253643989563,"orthographic":false}